<?xml version='1.0'?>
<module>
<exporttime>2010-07-27 10:46:50</exporttime>
<name>CustomerPortal</name>
<label>CustomerPortal</label>
<parent></parent>
<type>extension</type>
<version>1.2</version>
<dependencies>
<vtiger_version>3.0</vtiger_version>
<vtiger_max_version>17.*</vtiger_max_version>
</dependencies>
<migrations>
	<migration version='1.0'>		
	</migration>
	<migration version='1.1'>		
	</migration>	
</migrations>
<tables>
<table>
<name>TABLEPREFIX_customerportal_tabs</name>
<sql><![CDATA[<?xml version="1.0"?>
<schema version="0.3">
  <table name="TABLEPREFIX_customerportal_tabs">
  <opt platform="mysql">ENGINE=InnoDB</opt>
    <field name="tabid" type="I" size="19">
      <KEY/>
    </field>
    <field name="visible" type="I" size="1">
      <DEFAULT value="1"/>
    </field>
    <field name="sequence" type="I" size="1"/>
    <index name="cust_tabs_tabid_idx">
      <col>tabid</col>
    </index>	
  </table>
</schema>]]></sql>
</table>
<table>
<name>TABLEPREFIX_customerportal_fields</name>
<sql><![CDATA[<?xml version="1.0"?>
<schema version="0.3">
  <table name="TABLEPREFIX_customerportal_fields">
  <opt platform="mysql">ENGINE=InnoDB</opt>
    <field name="tabid" type="I" size="19">
      <NOTNULL/>
    </field>
    <field name="fieldid" type="I" size="19"/>
    <field name="visible" type="I" size="1"/>
  </table>
</schema>]]></sql>
</table>
<table>
<name>TABLEPREFIX_customerportal_prefs</name>
<sql><![CDATA[<?xml version="1.0"?>
<schema version="0.3">
  <table name="TABLEPREFIX_customerportal_prefs">
  <opt platform="mysql">ENGINE=InnoDB</opt>
    <field name="tabid" type="I" size="11">
      <KEY/>
    </field>
    <field name="prefkey" type="C" size="100"/>
    <field name="prefvalue" type="I" size="20"/>
    <index name="cust_prefs_tabid_idx">
      <col>tabid</col>
    </index>
  </table>
</schema>]]></sql>
</table>
</tables>
</module>
