<?xml version="1.0" encoding="utf-8"?>
<module>
  <type>language</type>
  <name>PTBrasil</name>
  <label>PT Brasil</label>
  <prefix>pt_br</prefix>
  <version>990</version>
  <dependencies>
    <vtiger_version>4.0</vtiger_version>
	<vtiger_max_version>17.*</vtiger_max_version>
  </dependencies>
  <license>
   <inline><![CDATA[
 ********************************************************************************
 * The contents of these fileis are subject to the vtiger Public License Version 1.0
 * ("License"); You may not use this file except in compliance with the License.
 * Software distributed under the License is distributed on an  "AS IS"  basis,
 * WITHOUT WARRANTY OF ANY KIND, either express or implied. See the License for
 * the specific language governing rights and limitations under the License.
 ********************************************************************************
 *  Language     : Português do Brasil
 *  Version      : 5.9.4
 *  Author       : Karina Mello da Rocha
 *  Contact      : karina.mello@crmvillage.biz | www.crmvillage.biz
 ********************************************************************************
]]></inline>
  </license>
</module>
