<?xml version='1.0'?>
<module>
<exporttime>2010-04-14 15:45:36</exporttime>
<name>SMSNotifier</name>
<label>SMSNotifier</label>
<parent>Tools</parent>
<version>1.1</version>
<dependencies>
<vtiger_version>3.0</vtiger_version>
<vtiger_max_version>16.*</vtiger_max_version>
</dependencies>
<tables>
<table>
<name>vtiger_smsnotifier</name>
<sql><![CDATA[<?xml version="1.0"?>
<schema version="0.3">
<table name="vtiger_smsnotifier">
  <opt platform="mysql"> Type=InnoDB </opt>
	<field name="smsnotifierid" type="I" size="11"/>
	<field name="message" type="X"/>
	<field name="status" type="C" size="100"/>
  </table>
 </schema>]]></sql>
</table>
<table>
<name>vtiger_smsnotifiercf</name>
<sql><![CDATA[<?xml version="1.0"?>
<schema version="0.3">
<table name="vtiger_smsnotifiercf">
  <opt platform="mysql"> Type=InnoDB </opt>
	<field name="smsnotifierid" type="I" size="11">
      <KEY/>
    </field>
  </table>
 </schema>]]></sql>
</table>
<table>
<name>vtiger_smsnotifier_servers</name>
<sql><![CDATA[<?xml version="1.0"?>
<schema version="0.3">
<table name="vtiger_smsnotifier_servers">
  <opt platform="mysql"> Type=InnoDB </opt>
	<field name="id" type="I" size="11">
      <KEY/>
    </field>
	<field name="password" type="C" size="255"/>
	<field name="isactive" type="I" size="1"/>
	<field name="providertype" type="C" size="50"/>
	<field name="username" type="C" size="255"/>
	<field name="parameters" type="X"/>
  </table>
 </schema>]]></sql>
</table>
<table>
<name>vtiger_smsnotifier_status</name>
<sql><![CDATA[<?xml version="1.0"?>
<schema version="0.3">
<table name="vtiger_smsnotifier_status">
  <opt platform="mysql"> Type=InnoDB </opt>
	<field name="smsnotifierid" type="I" size="11"/>
	<field name="tonumber" type="C" size="20"/>
	<field name="status" type="C" size="10"/>
	<field name="smsmessageid" type="C" size="50"/>
	<field name="needlookup" type="I" size="1">
		<DEFAULT value="1"/>
	</field>
	<field name="statusid" type="I" size="11">
      <KEY/>
    </field>
	<field name="statusmessage" type="C" size="100"/>
  </table>
 </schema>]]></sql>
</table>
</tables>
<blocks>
<block>
<label>LBL_SMSNOTIFIER_INFORMATION</label>
<fields>
<field>
<fieldname>assigned_user_id</fieldname>
<uitype>53</uitype>
<columnname>smownerid</columnname>
<tablename>vtiger_crmentity</tablename>
<generatedtype>1</generatedtype>
<fieldlabel>Assigned To</fieldlabel>
<readonly>1</readonly>
<presence>0</presence>
<selected>0</selected>
<sequence>2</sequence>
<maximumlength>100</maximumlength>
<typeofdata>V~M</typeofdata>
<quickcreate>1</quickcreate>
<quickcreatesequence>NULL</quickcreatesequence>
<displaytype>1</displaytype>
<info_type>BAS</info_type>
<helpinfo><![CDATA[]]></helpinfo>
<masseditable>1</masseditable>
</field>
<field>
<fieldname>createdtime</fieldname>
<uitype>70</uitype>
<columnname>createdtime</columnname>
<tablename>vtiger_crmentity</tablename>
<generatedtype>1</generatedtype>
<fieldlabel>Created Time</fieldlabel>
<readonly>1</readonly>
<presence>0</presence>
<selected>0</selected>
<sequence>5</sequence>
<maximumlength>100</maximumlength>
<typeofdata>T~O</typeofdata>
<quickcreate>1</quickcreate>
<quickcreatesequence>NULL</quickcreatesequence>
<displaytype>2</displaytype>
<info_type>BAS</info_type>
<helpinfo><![CDATA[]]></helpinfo>
<masseditable>0</masseditable>
</field>
<field>
<fieldname>modifiedtime</fieldname>
<uitype>70</uitype>
<columnname>modifiedtime</columnname>
<tablename>vtiger_crmentity</tablename>
<generatedtype>1</generatedtype>
<fieldlabel>Modified Time</fieldlabel>
<readonly>1</readonly>
<presence>0</presence>
<selected>0</selected>
<sequence>6</sequence>
<maximumlength>100</maximumlength>
<typeofdata>T~O</typeofdata>
<quickcreate>1</quickcreate>
<quickcreatesequence>NULL</quickcreatesequence>
<displaytype>2</displaytype>
<info_type>BAS</info_type>
<helpinfo><![CDATA[]]></helpinfo>
<masseditable>0</masseditable>
</field>
<field>
<fieldname>message</fieldname>
<uitype>21</uitype>
<columnname>message</columnname>
<tablename>vtiger_smsnotifier</tablename>
<generatedtype>1</generatedtype>
<fieldlabel>message</fieldlabel>
<readonly>1</readonly>
<presence>0</presence>
<selected>0</selected>
<sequence>1</sequence>
<maximumlength>100</maximumlength>
<typeofdata>V~M</typeofdata>
<quickcreate>1</quickcreate>
<quickcreatesequence>NULL</quickcreatesequence>
<displaytype>1</displaytype>
<info_type>BAS</info_type>
<helpinfo><![CDATA[]]></helpinfo>
<masseditable>1</masseditable>
<entityidentifier>
<entityidfield>smsnotifierid</entityidfield>
<entityidcolumn>smsnotifierid</entityidcolumn>
</entityidentifier>
</field>
<field>
<fieldname>status</fieldname>
<uitype>1</uitype>
<columnname>status</columnname>
<tablename>vtiger_smsnotifier</tablename>
<generatedtype>1</generatedtype>
<fieldlabel>Status</fieldlabel>
<readonly>99</readonly>
<presence>0</presence>
<selected>0</selected>
<sequence>7</sequence>
<maximumlength>100</maximumlength>
<typeofdata>V~O</typeofdata>
<quickcreate>1</quickcreate>
<quickcreatesequence>NULL</quickcreatesequence>
<displaytype>1</displaytype>
<info_type>BAS</info_type>
<helpinfo><![CDATA[]]></helpinfo>
<masseditable>0</masseditable>
</field>
</fields>
</block>
<block>
<label>LBL_CUSTOM_INFORMATION</label>
</block>
<block>
<label>StatusInformation</label>
</block>
</blocks>
<customviews>
<customview>
<viewname>All</viewname>
<setdefault>false</setdefault>
<setmetrics>false</setmetrics>
<fields>
<field>
<fieldname>message</fieldname>
<columnindex>0</columnindex>
</field>
<field>
<fieldname>status</fieldname>
<columnindex>1</columnindex>
</field>
<field>
<fieldname>assigned_user_id</fieldname>
<columnindex>2</columnindex>
</field>
<field>
<fieldname>createdtime</fieldname>
<columnindex>3</columnindex>
</field>
<field>
<fieldname>modifiedtime</fieldname>
<columnindex>4</columnindex>
</field>
</fields>
</customview>
</customviews>
<relatedlists>
<relatedlist>
<function>get_related_list</function>
<label>Accounts</label>
<sequence>1</sequence>
<presence>0</presence>
<actions>
<action> </action>
</actions>
<relatedmodule>Accounts</relatedmodule>
</relatedlist>
<relatedlist>
<function>get_related_list</function>
<label>Contacts</label>
<sequence>2</sequence>
<presence>0</presence>
<actions>
<action> </action>
</actions>
<relatedmodule>Contacts</relatedmodule>
</relatedlist>
<relatedlist>
<function>get_related_list</function>
<label>Leads</label>
<sequence>3</sequence>
<presence>0</presence>
<actions>
<action> </action>
</actions>
<relatedmodule>Leads</relatedmodule>
</relatedlist>
</relatedlists>
<customlinks>
<customlink>
<linktype>DETAILVIEWBASIC</linktype>
<linklabel>LBL_CHECK_STATUS</linklabel>
<linkurl><![CDATA[javascript:SMSNotifier.checkstatus($RECORD$)]]></linkurl>
<linkicon><![CDATA[themes/images/reload.gif]]></linkicon>
<sequence>0</sequence>
</customlink>
<customlink>
<linktype>HEADERSCRIPT</linktype>
<linklabel>SMSNotifierCommonJS</linklabel>
<linkurl><![CDATA[modules/SMSNotifier/SMSNotifierCommon.js]]></linkurl>
<linkicon><![CDATA[]]></linkicon>
<sequence>0</sequence>
</customlink>
</customlinks>
</module>
